round_id,identifier,request_time,block_number,tx_hash,resolved_price,resolution_label,ancillary_data,num_voters,total_tokens,votes_count,consensus_rate
9341,XAUPERL,1614081364,11913544,0x052693ea6cafd5aa646d808df7f5a313fc5df1fdd67e2f4dc45b95bbcce832e0,,,,,,,
9342,Admin 58,1614288940,11928814,0x0d3c8eeaf4d4b6d13e6fea668e932255ba49048685b69e113a0ab9e535453ab9,1.0,Yes,,51.0,23819247.771473583,51.0,1.0
9342,Admin 59,1614289354,11928845,0x65a8fc8b3413e41566ce18da898ab6c46671c04794aba8bfa6cefb1129e469fb,1.0,Yes,,51.0,23819247.771473583,51.0,1.0
9342,Admin 60,1614289685,11928867,0x249e999f6a4519a474144d6121a95e160db3619cba3a136f1f6338b7525af746,1.0,Yes,,51.0,23819247.771473583,51.0,1.0
9342,Admin 61,1614290106,11928895,0xbfb4e9244abb8f1bde74efc74ff47d9d5397dfebaacf568d3b81f1333d25e85c,1.0,Yes,,51.0,23819247.771473583,51.0,1.0
9344,USDETH,1614508401,11945288,0x8c4ba722ac1ee27c5d1fcf9cb368203bce36a20b43d935b6191827b99c6732f7,0.00073,No,,38.0,17800983.020145074,38.0,1.0
9344,GASETH-FEB21,1614556800,11948972,0x76d6260ce74ffe6824324d07cfcdeb3220a59b4f2cc122dbbe43fc8c286c515a,0.158,0.158000,,39.0,17801001.305664144,39.0,1.0
9349,Admin 62,1615396476,12012075,0x627570c854b51650b5144713a8febcdc3070e760131ed754605b689ecd5dadc0,1.0,Yes,,47.0,24831340.412314825,47.0,1.0
9349,Admin 63,1615396663,12012094,0x32146bcd12a39899e8939a5ec96594374cf5dc8fec2a61b723de5952b3f94147,1.0,Yes,,47.0,24831340.412314825,47.0,0.9999
9349,Admin 64,1615396815,12012106,0xf296f56949bd4e24674261302d6cc7cf8fcf76ba7488a34083baad035a9f8ffc,1.0,Yes,,47.0,24831340.412314825,47.0,1.0
9352,Admin 65,1616014456,12058459,0xca5ec80b7801132425ad9e05f4769e264e716b9ca45b79ca0222fe1c59dfc435,1.0,Yes,,53.0,25034937.267040126,53.0,1.0
9352,Admin 66,1616015639,12058548,0xe83cfb47f53a864effeca9a9eea01ed4a032d890e761fb02844bdda0300afdd6,1.0,Yes,,53.0,25034937.267040126,53.0,1.0
9352,Admin 67,1616015952,12058566,0x566e946b46deca5891e6a711c052eff7f919465e7e4077087810e7c6b174c9b4,1.0,Yes,,53.0,25034937.267040126,53.0,1.0
9352,Admin 68,1616017295,12058660,0xaf4225be94ebab70ed9349725d40cdf43c0011a0b875cb7057d4afbd381cef29,1.0,Yes,,53.0,25034937.267040126,53.0,1.0
9352,Admin 69,1616017955,12058712,0xec7fccbd910a6b6f8043eb2ae0a775b50d828eb3e6f09edc20bbfa3a9652f8d6,1.0,Yes,,53.0,25034937.267040126,53.0,1.0
9352,Admin 70,1616018737,12058774,0xcf637f9ac846ef3bc4e85bc74c99de2808cea10332247794cc145345c66a0bc4,1.0,Yes,,53.0,25034937.267040126,53.0,1.0
9356,Admin 71,1616616399,12103652,0x4f93e18f91cae188b6217c6100fdb7d4f6f90fb94749665efb3dc8a7c76b49f5,1.0,Yes,,42.0,24068858.50754403,42.0,1.0
9358,STABLESPREAD,1616936400,12136490,0x901d418aabdca6825b278b7099658785bb8db92b6798cd6e3d9db28dfb834516,0.0005925,No,,46.0,25427367.045406852,46.0,1.0
9358,STABLESPREAD/BTC,1616936400,12136491,0xfa3a3cc928071a72d5f1cd39cac3703dab4844afa390183f2a317955eb9b8101,1.805e-15,No,,46.0,25427367.045406852,46.0,1.0
9358,ELASTIC_STABLESPREAD/USDC,1616936400,12136493,0xd7936eddfdabb74b8ff80393bfa6c5cec308a2a39884fc63c37a06d59ba1aed9,4.85423e-13,No,,46.0,25427367.045406852,46.0,1.0
9358,STABLESPREAD/USDC,1616936400,12136496,0x61e413c860e77615b8d840884cfbd6bbf609791091f82089f7adbc36aef31baf,1.001929e-12,No,,46.0,25427367.045406852,46.0,1.0
9359,BCHNBTC,1617157051,12149551,0x529b542d4e58f92f5023ac974d9cde219c1c7391d07d9d9a6fdc69847f62199a,9.007e-13,No,,50.0,25595393.09654888,50.0,1.0
9359,USDPERL,1617228000,12149843,0x8b38b1f5f139481bc15c93a8999294b0636129627c733a05f3cd743d771b6848,4.97092,4.970920,,50.0,25595393.09654888,50.0,1.0
9359,USDBTC,1617228000,12149850,0x5d797b641fcf54d3101482ac628fc6586434d2fd609d0c00572a9cad1922a6d3,1.696e-15,No,,50.0,25595393.09654888,50.0,1.0
9359,USDETH,1617228000,12149854,0xf7832d719480a56036bd5a734c858f4ea92a695b0d330cf24892d1fd1b4dc3ac,0.00052,No,,50.0,25595393.09654888,50.0,1.0
9359,BTCDOM,1617228000,12149869,0x588986edae23875329bc3e5688bc12df00f46f742c321a561506c0e6c307b2f2,57.92,57.920000,,50.0,25595393.09654888,50.0,0.9974
9359,ALTDOM,1617228000,12149874,0xd282b6556d16d22e982e91cfa240fbea0b7c45a5dcf16f3ba6b9e0f2be1aefa4,42.08,42.080000,,50.0,25595393.09654888,50.0,0.9974
9359,Admin 72,1617230127,12149888,0x92f5323185b430a79c33b2c2aacdf47aee58657eb6a4cf0dddae350681c75a25,1.0,Yes,,50.0,25595393.09654888,50.0,1.0
9359,Admin 73,1617230352,12149910,0x793dc56e264772620bc61dc527c43410df8c6674f6d54ae76ea9fc07046e7889,1.0,Yes,,50.0,25595393.09654888,50.0,1.0
9360,GASETH-MAR21,1617235200,12154774,0xdb25be54ee7f4d8f7a4c827e5fe8df67cf24a6e7d29957874ab0c82cce74990c,0.139,0.139000,,33.0,24250001.41755509,33.0,1.0
9363,Admin 74,1617893298,12199783,0xd6fa3a816ae84c34099a0449c71163d94c622e3d5089233efb732d19574c86c0,1.0,Yes,,49.0,25454541.750020944,49.0,1.0
9363,Admin 75,1617893666,12199810,0xcbe61d5e5d80bdb67245479d015199eea22f8c3d40d7621e137d40afb643c22e,1.0,Yes,,49.0,25454541.750020944,49.0,1.0
9363,Admin 76,1617894103,12199840,0x9b227c78dbcb63b829cc0dcda82492031202a8f00a3a7122cd17adbe5bf74ba4,1.0,Yes,,49.0,25454541.750020944,49.0,1.0
9366,Admin 77,1618352798,12234448,0x6b24d3c853f9d438d3c87c28653bbf16e56b7eddae9e0fb13b5103037c7b116f,1.0,Yes,,55.0,31933132.86615487,55.0,1.0
9366,Admin 78,1618353152,12234477,0x5f4f6cb60dc652251011c86ad1e897f5607f73eeba26754d5f3697e3d5da1cb0,1.0,Yes,,56.0,31933142.884880025,56.0,1.0
9366,Admin 79,1618353585,12234507,0x9bedae210d76f3c3d77551c69614d2ba8945f91c161a83809bc892ed2afe2299,1.0,Yes,,56.0,31933142.884880025,56.0,1.0
9366,Admin 80,1618354220,12234547,0x58ec7f31e990aa75020d95f903c7669f3adcaa2bf9fae878b3bd4fd0df05d31f,1.0,Yes,,55.0,31933132.86615487,55.0,1.0
9366,Admin 81,1618354804,12234586,0xfedf60597993a650cf29b2259ecbbbd23c17abf8d877c30d8cf45368c4896b57,1.0,Yes,,55.0,31933132.86615487,55.0,1.0
9368,ETHBTC_FR,1618719591,12261969,0xca5794c5ab5d448a868d4e9a6eaf4fd2b786b06e99dd665a43fd7efe6d3f159e,1.01e-07,No,�#!�[�����-����45�=OptimisticOracle2�@X4ĵ�1�b�E`<�:(�,34.0,24866085.73744802,34.0,1.0
9370,Admin 82,1619119063,12291844,0xa8c03ecee28adcbb370832407d3dbe4a8dc87fb14c2f896541c40ab9201073fc,1.0,Yes,,49.0,25810890.964157023,49.0,1.0
9370,Admin 83,1619119517,12291871,0x90f9ca8161ac3a7fceb9076cb3af723f69483bb2eaa566e738fb9ad732512e95,1.0,Yes,,49.0,25810890.964157023,49.0,1.0
9371,ETHBTC_FR,1619255702,12302073,0xab29ad61d7f9c88c1ad3cf6931fcd7bc26acfe96876e80eebf38a7447eb0c255,-5e-09,No,�#!�[�����-����45�=OptimisticOracle2�@X4ĵ�1�b�E`<�:(�,27.0,17363244.664860368,27.0,0.9966
9373,Admin 84,1619642892,12331182,0xb5f1a3bd73e763f7d08dd3603c9d1d92ba2a7815672e72cfaba10393b747bf7f,1.0,Yes,,52.0,25915730.346862745,52.0,1.0
9373,Admin 85,1619643160,12331197,0xa735547cefaf62e1f5a9f4c6070e1b1e5d1de44994d59971adf7ee7630d57b4a,1.0,Yes,,52.0,25915730.346862745,52.0,1.0
9373,Admin 86,1619643265,12331204,0x9b1486ebb984c5ab4d489f875dd01fa548ad4c3762f89212a2db6a4a438975aa,1.0,Yes,,52.0,25915730.346862745,52.0,1.0
9373,Admin 87,1619643339,12331212,0x62a7ed327a93cc14fd55ec19086c190df1806bd1fb704549902c5c7883f13347,1.0,Yes,,52.0,25915730.346862745,52.0,1.0
9377,Admin 88,1620314004,12381457,0x825a4fdf0942440ead6ffbbe449db3899ca04a45970203353de4e94bd9231ea2,1.0,Yes,,52.0,13463968.590497792,52.0,1.0
9377,Admin 89,1620314615,12381501,0xba5d84726f77097729b1538a5edb29693671f218635d9ffbb0602d70a82e4ea3,1.0,Yes,,53.0,13464008.219711626,53.0,1.0
9377,Admin 90,1620314821,12381526,0x656327354887a075893c1d447503ab01205deec02ed618a8ba408cb25dfb4d3b,1.0,Yes,,52.0,13463968.590497792,52.0,1.0
9377,Admin 91,1620315163,12381554,0xa836249635565ffb5161f149c3cf84e191d9ded03633efc9ea2575c7abaa0a84,1.0,Yes,,53.0,13464008.219711626,53.0,1.0
9377,Admin 92,1620315424,12381574,0x7d6c73f54bee36a031748e8f093fbcf66707dc0b0cefc134df260b7ed7798276,1.0,Yes,,53.0,13464008.219711626,53.0,1.0
9380,Admin 93,1620822548,12419618,0x907a5e01518e17590c79e5a6128954237979b33c9a9f639ce647104442b29551,1.0,Yes,,50.0,13560825.467101399,50.0,1.0
9380,Admin 94,1620823301,12419667,0x59beb84cb3052ff3226a1b5f8ff10191fd6d53693cdc3992a2fc22a9e70fa72e,1.0,Yes,,50.0,13560825.467101399,50.0,1.0
9384,USDETH,1621430307,12465055,0x5cb1c88e0d21fd9a180038ab405ec87dd8790c0fc95c32711a5dd4f93162e9ff,0.00045,No,,57.0,26888693.34995429,57.0,0.9999
9384,USDOCEAN,1621430103,12465080,0xb003928f365cada34eca4df7ea5500a572ff00f1f7f4805191d1fdaf4340aede,1.6608812635984653,1.660881,,58.0,26888703.364019573,58.0,0.9997
9384,USDOCEAN,1621430114,12465081,0x785cde50db66046b3b51c3dced4ead1409c3e260c6afee7217f7c714e499d548,1.6608812635984653,1.660881,,58.0,26888703.364019573,58.0,0.9997
9384,USDOCEAN,1621430190,12465083,0xfe5a2be201c884709f47301eb2d53783b9edd529980d1623f4c1eb1c891448d7,1.6903313049357673,1.690331,,58.0,26888703.364019573,58.0,0.9997
9384,USDOCEAN,1621430198,12465085,0xc42d71e67e42feb9a172c5911393bdb0742daa23b1f5bf60c0ecf43799e2526b,1.6903313049357673,1.690331,,58.0,26888703.364019573,58.0,0.9997
9384,USDOCEAN,1621430236,12465087,0x486fbaa6e2d7d3fd22c94adcfbebc65a507f8221a9ccd3770081a2f702dde24d,1.653411815280832,1.653412,,57.0,26888693.34995429,57.0,0.9951
9384,USDOCEAN,1621430253,12465088,0xe1c29b83bf2e61a00b76177c528bf7af2cf14dbbc3f4022e2d566735d654363d,1.653411815280832,1.653412,,57.0,26888693.34995429,57.0,0.9951
9384,USDBTC_18DEC,1621430124,12465105,0xbe9b94ebe3bcbfd5ffa993f1c6c96a4e327d8e606ad724e63436fadaabd4ca1e,3.154e-05,No,,57.0,26888693.34995429,57.0,0.9999
9384,Admin 95,1621538674,12473156,0x5434ea810aad8bd2c415d79dcfc8e5fa76f53ad7cece3fe9ae3e0ba55ab22956,1.0,Yes,,57.0,26887636.24645387,57.0,1.0
9384,Admin 96,1621539500,12473214,0xca2f671f724e49059c89abf69fead4bb9b6e766841698b277b9885e2429eee50,1.0,Yes,,57.0,26887636.24645387,57.0,1.0
9384,Admin 97,1621539674,12473230,0x3f33f45c25f4cf6bc76a938c388cb2b5eea1f171f3fccc817204e5cbbd2f8668,1.0,Yes,,57.0,26887636.24645387,57.0,1.0
9384,Admin 98,1621539934,12473249,0x0d3c655fac145f625d09cd6dbf49b5b1bfdac31acdb72b938beab297e6a864e0,1.0,Yes,,57.0,26887636.24645387,57.0,1.0
9387,Admin 99,1622065549,12512432,0x49b9af36281dbef172a7baf11c3916b8d5cd4dceaea77eac7130b9e06264a853,1.0,Yes,,51.0,32427539.908994876,51.0,1.0
9387,Admin 100,1622065668,12512441,0x64eb3d76e4d51d21ae31cd7c5f61ea3963b425d367f82f1778b9ebee4df55ae7,1.0,Yes,,51.0,32427539.908994876,51.0,1.0
9387,Admin 101,1622065806,12512450,0xb8ecfb1af268419ea09bb0f3477493e0e5054066e3aee5c7a76882b64b23681b,1.0,Yes,,51.0,32427539.908994876,51.0,1.0
9387,Admin 102,1622065912,12512454,0xeb48f1b980000473fee2282c60d3b3018d851c092661ed2e7e72024cd48084d9,1.0,Yes,,51.0,32427539.908994876,51.0,1.0
9390,XAUPERL,1622473200,12542810,0x3af64a415c62a8401c16031d8375647c64527297cb43a36f222dd8a3cf77a4bb,33874.579020000005,33874.579020,,40.0,25243615.43371461,40.0,1.0
9391,Admin 103,1622751077,12563587,0x9fd582d1d13a48494ee32520d4b1b05ef375d96ac24e60e88709f46cb341e4c4,1.0,Yes,,48.0,26270715.2774688,48.0,1.0
9391,Admin 104,1622751107,12563589,0xcb4dc6792fd277f6082bfd118371058ca4b39b2637fadc7587c095e2c1da39bd,1.0,Yes,,48.0,26270715.2774688,48.0,1.0
9391,Admin 105,1622751117,12563591,0xf8e43f6d37f6098fe6cc51d53b197c9ccc179fd2e4a9aa938a77a1053c31efc5,1.0,Yes,,48.0,26270715.2774688,48.0,1.0
9391,Admin 106,1622751161,12563594,0xa2eeb9e220be8cc36c089159a9623eea00c3e33f288db52849c718c052de68a8,1.0,Yes,,48.0,26270715.2774688,48.0,1.0
9394,Admin 107,1623266165,12602131,0xd4dee6e876c368f01b93042bb9d465443b9690b2c7d3e1ce9a8b2d2a0bd9387a,1.0,Yes,,51.0,25278019.8503923,51.0,1.0
9394,Admin 108,1623266285,12602139,0xd32e8d27151428d1e931a2966681a9f8f9388e1460516b1a29ea303155b4e0c5,1.0,Yes,,51.0,25278019.8503923,51.0,1.0
9394,Admin 109,1623266398,12602148,0x3cef6f2e90cacf69ac57693c47f0f49a8b655293902e8153d909da7f62149957,1.0,Yes,,52.0,25278042.760457635,52.0,1.0
9401,Admin 110,1624479208,12692474,0xe3bedc0c6041ef8e1136f57b5f9aedc07f894f335daf6a70eba0403d94560de1,1.0,Yes,,56.0,31927512.682255767,56.0,1.0
9401,Admin 111,1624479228,12692477,0x79b37c467eddbd3020618e346db58a252788196c940dc669267423a720cb1c43,1.0,Yes,,56.0,31927512.682255767,56.0,1.0
9401,Admin 112,1624479343,12692486,0xe320c01ae34ec766d3b965da2a0e2556542f24745c6408213d7de7e314b3a359,1.0,Yes,,56.0,31927512.682255767,56.0,1.0
9402,BCHNBTC,1624626000,12703440,0x07a252343da2e81d792115bc7a38d47def3e59f245d1609e6c51dc11198f6524,1.4201e-12,No,,34.0,25518508.048322458,34.0,1.0
9402,STABLESPREAD/USDC,1624626000,12703446,0x81fa529653eddfee850c2f445b4a9066522221a01478e83d537840e7b5dadf9f,9.99099e-13,No,,34.0,25518508.048322458,34.0,1.0
9405,Admin 113,1625175532,12744207,0xbd8810fd813866e692f9116d55eaa59eda98799139513a4f134a792360ecbf9a,1.0,Yes,,58.0,26992651.020775486,58.0,1.0
9405,Admin 114,1625175544,12744210,0x860ec5fbd58a3b202e8db3db14bfcee97ff7d0df20143a15376da33966ba6ccc,1.0,Yes,,58.0,26992651.020775486,58.0,1.0
9405,Admin 115,1625175714,12744220,0xd8de936c0ca6fe6cb4127af0759dee0e7d09b010892a40c7177aa16078fdb5b5,1.0,Yes,,58.0,26992651.020775486,58.0,1.0
9405,Admin 116,1625176311,12744264,0x403ceebe17bdbd1e1b14b96c287ea2b7e3b7aba59476ec01f9aa75067aecd369,1.0,Yes,,56.0,26812616.48191334,56.0,1.0
9412,Admin 117,1626313829,12828679,0x73e3e664d06e0f6049b27af419b8df68e43951d0a441f9bdc03809ea3477e4b0,1.0,Yes,,49.0,26643221.649029434,49.0,1.0
9412,Admin 118,1626318855,12829045,0x7da9155c41d3abb875322cc2fe1426c5e141e8a33e2972a960d3a1a45104d20c,1.0,Yes,,49.0,26643221.649029434,49.0,1.0
9412,Admin 119,1626380789,12833689,0xaafc1526164a11f51c5a3fa63df98b51c0f91de2739e62eaa9407ec04ff98fd8,1.0,Yes,,49.0,26643221.649029434,49.0,1.0
9412,Admin 120,1626380874,12833698,0x7ca900d7c6034b02cb6c8512172dcd3047caae555e21b9df3e276f1ae5b92abe,1.0,Yes,,49.0,26643221.649029434,49.0,1.0
9412,Admin 121,1626381011,12833708,0xf938b6ef1935438e746b6c893a06f113495e875ac32a2675c18a246a75c57d55,1.0,Yes,,49.0,26643221.649029434,49.0,1.0
9415,Admin 122,1626826453,12866520,0xd31b115a1cfac0f37a18b31b416d90e3619f7ed88afe2fe263853092a6890544,1.0,Yes,,57.0,26862699.697050586,57.0,1.0
9415,Admin 123,1626827369,12866598,0x16456a8eb50ac628aa3f91f18652ba79bd2809c28c9d575314c59f4a83fe54d3,1.0,Yes,,57.0,26862699.697050586,57.0,1.0
9415,Admin 124,1626827575,12866616,0xf03209aa5f091f51ac7bab16a75ec218badde807b69a49303105173ffdc61224,1.0,Yes,,57.0,26862699.697050586,57.0,1.0
9419,Admin 125,1627594116,12923085,0x1df3b237859737b7db450319338b7bee270a86635bcc4c4d78b944bd0a215e3c,1.0,Yes,,48.0,24224351.536321707,48.0,1.0
9419,Admin 126,1627594201,12923089,0x0173de975525a5452174d0add3062c5de222e56fb39f26a20e794867ac36340b,1.0,Yes,,48.0,24224351.536321707,48.0,1.0
9419,Admin 127,1627594296,12923097,0x9dd3e850d7cac25be344863db31ebbefd306bb9d6f0ec3d6b0e6f4dc58b675fe,1.0,Yes,,48.0,24224351.536321707,48.0,1.0
9422,Admin 128,1628116957,12961385,0x4f47e7a88b8e3587cdc2addf4d033d3f60e77623bd92bd7febf40128b5907d95,1.0,Yes,,52.0,20147322.163380492,52.0,1.0
9422,Admin 129,1628117028,12961390,0xa62e48db5e6380acfccd46463b89201dd67e6a874c20340c728669acc507b166,1.0,Yes,,52.0,20147322.163380492,52.0,1.0
9426,Admin 130,1628795129,13012154,0xa87913b00f4029883bd55b6f97e061d58fa1c8f535fe78c05d60fa025777bfee,1.0,Yes,,51.0,26973232.440542,51.0,1.0
9426,Admin 131,1628795179,13012161,0x0be38a49b1660bc2a5c11212f734593cdc0b2758d9f7867609001b3c19017c5c,1.0,Yes,,51.0,26973232.440542,51.0,1.0
9429,Admin 132,1629317959,13051324,0xbac72298112e6b481b82e935275a411f6c169b02d8155fed49f2439c510ba19e,1.0,Yes,,44.0,14107744.703607578,44.0,1.0
9436,Admin 133,1630529641,13142024,0xb4357f975360cf5b4469283630cec4bf3c258cf846e4b42ed8b00c846194bae4,1.0,Yes,,42.0,13211318.222203162,42.0,0.9998
9443,Admin 134,1631662224,13226832,0xbf783198ab16dccb6146942130b625b88f78e8131703c19592165f2de714c2e5,1.0,Yes,,45.0,8912334.341163475,45.0,1.0
9443,Admin 135,1631662446,13226844,0xb0291e39d411f90b4f231aaab9d49aa7ba6ffc60a3547625b8fc74af45db3c7d,1.0,Yes,,45.0,8912334.341163475,45.0,1.0
9447,Admin 136,1632427476,13284026,0x48ab750e49e7403f19cd242df36c54901b6146e1b9feb70cc5eefc292422e1b0,1.0,Yes,,52.0,20627939.51018589,52.0,1.0
9447,Admin 137,1632427577,13284033,0xb7589c6ee4e0961c66813b3dde117d2a76217f2566dc25537ed625161e7be95b,1.0,Yes,,52.0,20627939.51018589,52.0,1.0
9447,Admin 138,1632427704,13284038,0xef0398cb0af8d7aa2bbaafb211389759541bb2aeba0882807bcf778b81bd47fe,1.0,Yes,,52.0,20627939.51018589,52.0,1.0
9450,Admin 139,1632946465,13322756,0x147c3b392bbe0f0e4fb2a60fcef173eb9a2d8f8b4bb097a0ee63a9e73112af6b,1.0,Yes,,40.0,21509001.55407668,40.0,1.0
9454,Admin 140,1633641740,13374173,0x0ccbfc0cc341b78cd58bd67a3bc28a5280fbdff225a3a6bab10ce7d4b62b88ac,1.0,Yes,,41.0,15092289.06782962,41.0,1.0
9461,YES_OR_NO_QUERY,1634535900,13454956,0x3494f7aa947dc52793f47fa1a53fc6548fbafe8f34435d50476d996c3824804b,0.5,Indeterminate,"title: Test market B? description: Test market B? uma_resolution_data: p1: 0, p2: 1. Where p2 corresponds to Yes, p1 to a No,ooRequester:132f6dd49df50626e27685985b1c1b133e331b55,childRequester:bb1a8db2d4350976a11cdfa60a1d43f97710da49,childChainId:137",44.0,20570753.629702963,44.0,1.0
9461,Admin 141,1634818230,13460926,0xccdb5992850ddd862947a91918c50f99037ef75f2dc7d57319206691c6019824,1.0,Yes,,48.0,20632199.792440366,48.0,1.0
9461,Admin 142,1634818592,13460959,0x2e0b30aeae7d5e5cdbd103cc6e3d7207fb0ccb13dbc4870118d825bc86b6b6e4,1.0,Yes,,48.0,20632199.792440366,48.0,1.0
9461,Admin 143,1634818822,13460981,0xcf0fddb5d328f599ead3caa350e43abbd10e22ef96da9f0fea9537a3a6449484,1.0,Yes,,48.0,20632199.792440366,48.0,1.0
9465,IS_RELAY_VALID,1635439566,13506893,0x079f505f32855fd8bf38b5e004736a65d220bd9b0396ac8e2f604babe04dc01b,0.0,No,"relayHash:d0dbf466f8889854b89134344f87a7229b888aef8989f4c44969bdeca29cb9de,ooRequester:75a29a66452c80702952bbcedd284c8c4cf5ab17",38.0,20270706.350990683,38.0,1.0
9465,IS_RELAY_VALID,1635440180,13506935,0xb3d23a8b0f50e9d226f3d505744266a1c98afcddc5d37f697c8c2453e94d72eb,1.0,Yes,"relayHash:3d775c45e1be155dcadbf4dac83e4d9401fe3193b878ee55fc8783bea34fb37d,ooRequester:75a29a66452c80702952bbcedd284c8c4cf5ab17",38.0,20270706.350990683,38.0,1.0
9467,IS_RELAY_VALID,1635759617,13530441,0x4e5a751b00f733d6fd0d074bd839c055d0560f8591e811b227cf07c3fa234393,1.0,Yes,"relayHash:1bde06bc620fbceab6b49ba4ecb56e52065d693e90e7799d447ab8db92d08cb7,ooRequester:75a29a66452c80702952bbcedd284c8c4cf5ab17",42.0,20904390.797928393,42.0,1.0
9467,IS_RELAY_VALID,1635860435,13537840,0x22b7b4cfc7d401599599553ca12bdc6d0cf9cc95653ad1501b66ca7eff224955,1.0,Yes,"relayHash:7e324d40a3034e7767cab803fc4783cb1da374fc7c4bfa7d3c1d88c884ff4ae5,ooRequester:75a29a66452c80702952bbcedd284c8c4cf5ab17",42.0,20904390.797928393,42.0,1.0
9467,IS_RELAY_VALID,1635860622,13537848,0xcb6325e0d036c0bff3e4cbea8ef5b55517eae176e7683f6511a20af04139565c,1.0,Yes,"relayHash:6bd8d7e1f0f6a6bd11c05ca586260276d34b4bcd9b62478c28b7dea2900eb594,ooRequester:75a29a66452c80702952bbcedd284c8c4cf5ab17",42.0,20904390.797928393,42.0,1.0
9471,Admin 144,1636493629,13584573,0x10953363981f53b8d2e4c05d23a5d1ad203f8906cc03247ae8253dbf307050c2,1.0,Yes,,45.0,21187942.001722302,45.0,1.0
9471,Admin 145,1636494141,13584611,0x2418e3803c0245828300469371d2acaedd2d5d79cf34de556f954b3e8cf20431,1.0,Yes,,45.0,21187942.001722302,45.0,1.0
9472,IS_RELAY_VALID,1636706003,13600294,0x0f8a1c3320b6df98a52668d74cd3ed71716006bac1aee7c1423de7895fbc70af,0.0,No,"relayHash:3edb0f32b3a1c7d0d959063835d83a3989dcc85d47a5593f5c5fd39377188db8,ooRequester:7355efc63ae731f584380a9838292c7046c1e433",40.0,20793588.506602544,40.0,1.0
9478,IS_RELAY_VALID,1637765568,13677829,0x96239db3db8d82adca55f3b21eb671b3fb6c153766248d292491f1f4c100da28,1.0,Yes,"relayHash:b67d73553b918474181bc637abff1408b731a088164bf71d4b696165f7fa043a,ooRequester:7355efc63ae731f584380a9838292c7046c1e433",38.0,14156709.678153394,38.0,1.0
9478,IS_RELAY_VALID,1637769333,13678088,0x0f03f73a2093e385146791e8f2739dbc04b39145476d6940776680243460100f,1.0,Yes,"relayHash:3bd39c0b46e20d0db9a21518271e810eab04f06a6e5eb8c9a8338f4d67d8b7b8,ooRequester:7355efc63ae731f584380a9838292c7046c1e433",38.0,14156709.678153394,38.0,1.0
9478,IS_RELAY_VALID,1637770043,13678150,0xada6ce81f493b802fca2f07cc870e5deb392f10186d24659ecbdf41db642346f,1.0,Yes,"relayHash:b2cad6dbfe07adbb96f9ae4e698eb3e6c738c7ac6213309190730ac592f8743c,ooRequester:256c8919ce1ab0e33974cf6aa9c71561ef3017b6",38.0,14156709.678153394,38.0,1.0
9478,Admin 146,1637786881,13679408,0x6dec7f1b5147cb31e563689c092a23c5fa72499799b211adba25d235fd0947b9,1.0,Yes,,38.0,14156709.678153394,38.0,1.0
9482,Admin 147,1638476266,13729373,0x91ef418cbc0dab09436784880400a2e6d8c916d3f70b4690f8f07e62cca38f2a,1.0,Yes,,44.0,20421786.835460402,44.0,1.0
9482,Admin 148,1638476752,13729410,0x6b62b9721f08d785957b4eeaf6e1b1b64d778a14145efde7bc12a4009cac8208,1.0,Yes,,44.0,20421786.835460402,44.0,1.0
9482,Admin 149,1638476858,13729421,0xb2ea80a5fa567c940bbdf07c6da5f6b0cdd65d1f2aa9ccea91ffffc68667ff39,1.0,Yes,,44.0,20421786.835460402,44.0,1.0
9485,IS_RELAY_VALID,1638976595,13765512,0xbe12bf5a41c25440c07193f9d2833cc7e0dbfb60986659aa097c62dd6d7506ea,0.0,No,"relayHash:c5b6d05062b0970d29d6a95e50edd6836c06e4ea91bc8442bceaaff9363965b2,ooRequester:7355efc63ae731f584380a9838292c7046c1e433",45.0,21083191.193255614,45.0,0.9982
9489,Admin 150,1639679884,13817845,0x16da582bd253c330ec882ee323cae33baad05a028ae48156a2531b4e83ef8bde,1.0,Yes,,44.0,20738464.277811844,44.0,1.0
9489,Admin 151,1639679970,13817849,0xe04934a21fbb50667128174869c381d8e0a99ffda240411c738d9a48a0a3a470,1.0,Yes,,44.0,20738464.277811844,44.0,1.0
9497,BCHNBTC_18DEC,1640948400,13914000,0xdf3fdbb6d99aad1a1e3bd897be1735445b4836e919d7f1404a5eb1009162f3d0,0.009,0.009000,"%""�1�ưo�<��;�H�D�,ooRequester:56babecb3dcac063697fe38ab745c10181c56fa6",50.0,15541709.511198813,50.0,0.9968
9499,Admin 152,1641418838,13947916,0xea205a00e81055e5e999708c0de9a2db395523bbec7551b37060cbdc674e6ffe,1.0,Yes,,56.0,15033432.373185929,56.0,1.0
9499,Admin 153,1641418937,13947919,0x7ac6d4963868f19c271395cae818bb38c8ed7a179c6084a3a36890991d10909d,1.0,Yes,,56.0,15033432.373185929,56.0,1.0
9503,Admin 154,1642009399,13992122,0x8af96d15388eaf6db91160fbdad33b28a1aebd14fa043538f35acf6c41158821,1.0,Yes,,55.0,9215941.202528605,55.0,1.0
9506,USDETH,1642482000,14032538,0xe4fd392516753e29ec698382f2b33ac6bb218cff3aae05d6d6af034e1729777c,0.0003148,No,"ooRequester:4b9a968b87316df5a2aed7c4193f16cab42a9208,childChainId:288",52.0,14592813.679720774,52.0,0.7358
9506,Admin 155,1642549555,14032578,0xa7bdd5ac0d67f83c66065750ab0636d49d6ab1cb9e0d14ce5caa15906f84f75a,1.0,Yes,,56.0,14603628.871312385,56.0,1.0
9510,USDETH,1642616118,14088423,0xd469715e6123a264827eff7d50eeecb3271546154a4de220b3b7709f2d416a7e,0.00031686,No,"ooRequester:0f596dadb524442b07d8d21faf5bf1c63f76767f,childChainId:10",59.0,21242645.229086656,59.0,1.0
9510,USDETH,1642622998,14088473,0x1a9bf4224349c0f02332378197e0e2dad64b883d94204f27ea50b3a9512fce89,0.0003202,No,"ooRequester:641f534f5962a3044d826aee596902117c9d1845,childChainId:42161",59.0,21242645.229086656,59.0,0.9998
9510,Admin 156,1643312571,14089666,0x6d476c24275d16094845484f48ed50b95ddb7fb954fc0a7a2be8c6e4dab5dc47,1.0,Yes,,60.0,21243117.882177763,60.0,1.0
9510,Admin 157,1643312810,14089683,0x7c2bfdda38c4f579994f1d3af707249de1efaff646f4abe2cbf7713f1227b54c,1.0,Yes,,60.0,21243117.882177763,60.0,1.0
9510,Admin 158,1643315226,14089862,0xbcc0eba2a4c7e8d856f3164962dfe2b506691435a11103e94c055b29b5fcc899,1.0,Yes,,60.0,21243117.882177763,60.0,1.0
9513,Admin 159,1643840878,14129306,0xbf452fab325427740ac9c06f10c1237b68964f48120df4d71644ed1b1391d73e,1.0,Yes,,57.0,15075323.214205606,57.0,1.0
9515,IS_RELAY_VALID,1644075289,14146827,0xe9a369f493564cc3d5b220e82b96dab08754cd44c840ea1561a5d3d2630cea6c,1.0,Yes,"relayHash:9bb536371cf29e17b984a675f8d4093b0c362c1d6c51bcf1f6907e69bf4345b6,ooRequester:7355efc63ae731f584380a9838292c7046c1e433",60.0,21468828.174461614,60.0,1.0
9515,IS_RELAY_VALID,1644075648,14146851,0xceee899dead9907eabee2242143df2eb7adbcf2312bc7e261b4b0b4836f14e6e,1.0,Yes,"relayHash:f64d1e18dbd9f9f984b47ac6216f0522e4c849e11ba4138218d7edace9de7344,ooRequester:256c8919ce1ab0e33974cf6aa9c71561ef3017b6",60.0,21468828.174461614,60.0,1.0
9520,Admin 160,1644980642,14214666,0x2acaabe6a29f3a7426dd7707cec2afbb27ae4b4f3b028afcb93cc0bef0a1d361,1.0,Yes,,58.0,15986511.805123055,58.0,1.0
9531,Admin 161,1646944572,14361302,0xc621a7c5d8bd44e45236ae4dad14387dfa43a64291b7e225922cce449c1a1d2a,1.0,Yes,,59.0,15542956.65498758,59.0,1.0
9534,Admin 162,1647452153,14399020,0x75a045f988539d9e055c2e893774fd6e0e7c3dfa7ca4aa3a917ab7375a9f3b8e,1.0,Yes,,64.0,16007800.451893099,64.0,1.0
9535,YES_OR_NO_QUERY,1647488396,14402037,0x58d80e9b3e75ebe31ac557e409e3a8b4ef4a97eadf401021107582e369626f57,1.0,Yes,"q: title: NCAA March Madness: Who will win the Wright State vs. Bryant, scheduled for March 16 (6.40 PM ET)?, description: In the upcoming NCAA March Madness game, scheduled for March 16:

If the Wright State Raiders win, the market will resolve to “Wright State.” 

If the Bryant Bulldogs win, the market will resolve to “Bryant.” 

If the game is not completed by March 23, 2022 (11:59:59 PM ET), the market will resolve 50-50. res_data: p1: 0, p2: 1, p3: 0.5. Where p2 corresponds to Wright State, p1 to a Bryant, p3 to unknown,ooRequester:cb1822859cef82cd2eb4e6276c7916e692995130,childRequester:bb1a8db2d4350976a11cdfa60a1d43f97710da49,childChainId:137",57.0,15858599.74359098,57.0,0.9994
9538,Admin 163,1648144471,14450438,0x858b4449dd67b5bb5df52de4eeca39eb43912ac9a526e305c0ca7be7d095fd68,1.0,Yes,,63.0,9460853.015055872,63.0,1.0
9540,YES_OR_NO_QUERY,1648356448,14476326,0x29849f5e9ca6747926c2c3ea14dd9dc34b881e07a064a14b25d74dea20580036,-5.78960446186581e+58,Unresolvable,"q: title: NHL: Will the Sharks beat the Ducks by more than 1.5 goals in their March 26, 10:30 PM ET matchup?, description: In the upcoming NHL game, scheduled for March 26, 10:30 PM ET:

If the San Jose Sharks win by over 1.5 goals, the market will resolve to “Yes”.

If the Anaheim Ducks lose by less than 1.5 goals or win, the market will resolve to “No”.

If the game is not completed by April 2 (11:59:59 PM ET), the market will resolve 50-50. res_data: p1: 0, p2: 1, p3: 0.5. Where p2 corresponds to Yes, p1 to a No, p3 to unknown,ooRequester:cb1822859cef82cd2eb4e6276c7916e692995130,childRequester:bb1a8db2d4350976a11cdfa60a1d43f97710da49,childChainId:137",62.0,21085297.90983071,62.0,1.0
9541,Admin 164,1648673446,14489780,0x81aad996a5b0b8d5fed926e969cd8fb0cc90dcf1b11a4d172fb6ba759c281531,1.0,Yes,,63.0,15099697.255880913,63.0,1.0
9541,Admin 165,1648673853,14489807,0x82d18d982293cf607fa8ec3e4c15318f20b9170d5b322ba6b769c8c4ff57bfb3,1.0,Yes,,63.0,15099697.255880913,63.0,1.0
9545,Admin 166,1649273286,14534169,0xca6d5f15ec0339e2aafd99358334344993d567621cc83941b2436ac2ade63e4f,1.0,Yes,,65.0,21046407.870446548,65.0,1.0
9547,YES_OR_NO_QUERY,1649655331,14562996,0x031ac4857cfb54db7fc5b74773b43b5a926c93d881fb129400d77f49df979779,1.0,Yes,"q: title: Will the 7-day COVID-19 case average in the USA be below 25,000 by April 1?, description: This market will resolve to “Yes” if the 7-day COVID-19 Case average is below 25,000 for any day ranging from February 22, 2022 to April 1, 2022 inclusive, and “No” otherwise. The resolution source for this market is the CDC; https://covid.cdc.gov/covid-data-tracker/#trends_dailytrendscases. 

The market will be checked daily at 8 PM ET to see if any day within the aforementioned range has a 7-day COVID-19 case average below 25,000. If an average below 25,000 is detected, it will be checked again 7 days later. If it is still under 25,000 at that point, the market will be resolved. If it is 25,000 or above, then the market will not resolve based on that data point.

The final check will be 1 week after the last date in the range. res_data: p1: 0, p2: 1, p3: 0.5. Where p2 corresponds to Yes, p1 to a No, p3 to unknown,ooRequester:cb1822859cef82cd2eb4e6276c7916e692995130,childRequester:bb1a8db2d4350976a11cdfa60a1d43f97710da49,childChainId:137",70.0,15265302.873189865,70.0,0.9995
9548,YES_OR_NO_QUERY,1649863802,14578754,0x99a5ca5ba9a1817e4f8c96414410deabb2d97b0f4da585d1ad0821933a4210f1,1.0,Yes,"q: title: Will Russian Chess Player Sergey Karjakin be removed or withdraw from the FIDE 2022 Candidates Tournament?, description: FIDE has condemned Sergey Karjakin’s comments about supporting war in Ukraine on Twitter and have recommended a case regarding the comments to the Ethics and Disciplinary Commission (https://www.fide.com/news/1603).

If FIDE removes Sergey Karjakin from the 2022 Candidates Tournament, this market will resolve to ""Yes"". If Sergey Karjakin himself withdraws from the 2022 Candidates Tournament, this market will resolve to ""Yes"". If  Sergey Karjakin participates in the 2022 Candidates Tournament, this market will resolve to ""No"".

If Sergey Karjakin is removed from or withdraws from the 2022 Candidates Tournament for any length of time this market will resolve immediately, regardless of whether he's later readmitted or he later reenters.

The primary resolution source for this market will be information from the International Chess Federation (https://www.fide.com/), however other credible reporting will also be considered. res_data: p1: 0, p2: 1, p3: 0.5. Where p2 corresponds to Yes, p1 to a No, p3 to unknown,ooRequester:cb1822859cef82cd2eb4e6276c7916e692995130,childRequester:bb1a8db2d4350976a11cdfa60a1d43f97710da49,childChainId:137",76.0,11488228.741953176,76.0,0.8222
9548,Admin 167,1649878217,14579012,0xb27278a4bbb781db25279d533113296af0d371f0b382767b03976cd6a823e157,1.0,Yes,,80.0,17838583.89078408,80.0,1.0
9548,Admin 168,1649878534,14579032,0x415617ca5b61a25b4852206f8cd01543a9109ce0c4a3f90d1d3e922b620fbad9,1.0,Yes,,80.0,17838583.89078408,80.0,1.0
9548,Admin 169,1649878995,14579063,0xf31849336a00fb34f73614958a7f6de964d77a8b7af7d34e4e64809dfcd4e92e,1.0,Yes,,80.0,17838583.89078408,80.0,1.0
9549,YES_OR_NO_QUERY,1650001530,14588577,0x98cae2a88b4328ef722f5a6c0d7d7a60f19b64846a26744a67b300650b0198cc,1.0,Yes,"q: title: Will the price of a barrel of crude oil be $105 or more on April 15, 2022?, description: This is a market on whether the price of crude oil will be at $105.00 USD or higher as of market close on April 15, 2022. If value of a barrel of oil is $105.00 or greater as of market close on the resolution date, this market will resolve as “Yes”. If the value of a barrel of oil is less than $105.00 as of market close on the resolution date, this market will resolve as “No”.

The resolution source for this market will be Yahoo Finance’s reporting of the values offered by the New York Mercantile Exchange (NYMEX), found at (https://finance.yahoo.com/quote/CL%3DF/history). Resolution will be based on the value listed in column labelled “Close*” under the resolution date. If the resolution source is deemed unreliable, other credible media sources may be used. res_data: p1: 0, p2: 1, p3: 0.5. Where p2 corresponds to Yes, p1 to a No, p3 to unknown,ooRequester:cb1822859cef82cd2eb4e6276c7916e692995130,childRequester:bb1a8db2d4350976a11cdfa60a1d43f97710da49,childChainId:137",67.0,9567603.71720474,67.0,0.9979
9550,YES_OR_NO_QUERY,1650159031,14600564,0x8ca6c6b34ff74205ad99b29400b0a23cefb3e66e3a868edd16b1f08088236a85,-5.78960446186581e+58,Unresolvable,"q: title: Will US student loan payments resume by May 2, 2022?, description: This market asks whether repayment of federal student loans in the United States of America will resume by May 2, 2022.

If federal student loan repayments resume in the US for all federal student loans at any time between March 22, 2022, and May 2, 2022, 11:59:59 PM ET, this market will resolve to ""Yes"". Otherwise, this market will resolve to ""No"". 

For the purpose of this market's resolution, ""federal student loan repayments resuming"" means any one or all of these conditions being issued by the federal government of the United States of America regarding student loans: 

1) Loan repayments will be resumed
2) The interest rate will be above 0%
3) Collections on default loans will be resumed

The primary resolution source for this market will be https://studentaid.gov/announcements-events/covid-19/payment-pause-zero-interest, however other official information from the government of the United States of America and credible reporting will be considered.

 res_data: p1: 0, p2: 1, p3: 0.5. Where p2 corresponds to Yes, p1 to a No, p3 to unknown,ooRequester:cb1822859cef82cd2eb4e6276c7916e692995130,childRequester:bb1a8db2d4350976a11cdfa60a1d43f97710da49,childChainId:137",68.0,9895896.919810554,68.0,0.9172
9552,YES_OR_NO_QUERY,1650476698,14623588,0x363873f23a2e6988d38625fff3ff220cbf00e97ab441f6ae07e070c65b075235,1.0,Yes,"q: title: Will $ETH be above $3,000 on April 20, 2022?, description: This is a market on if the price of Ethereum (ETH) will be above $3,000 in USD on April 20, 2022 (12 PM ET). 

This market will resolve to “Yes” if Ethereum ($ETH) has a candlestick closing price of $3,000.01 or more, as per the resolution source, on April 20, 2022, 12pm ET, and “No” otherwise.

The resolution source for this market will be prices listed on CoinGecko (https://www.coingecko.com/en/coins/ethereum).

This market will resolve according to the “C” (i.e. closing price) listed for the candle titled “Wed 20 April 2022, 12:00:00”, with the “Price” tab selected, in the Eastern Time Zone. Note, this 12:00:00 candle lists the opening price for 11:30:00 AM ET and the closing price for 12:00:00 PM ET.

The check will be at 12:30 PM ET, April 20, 2022. res_data: p1: 0, p2: 1, p3: 0.5. Where p2 corresponds to Yes, p1 to a No, p3 to unknown,ooRequester:cb1822859cef82cd2eb4e6276c7916e692995130,childRequester:bb1a8db2d4350976a11cdfa60a1d43f97710da49,childChainId:137",67.0,16410752.70246296,67.0,1.0
9554,IS_RELAY_VALID,1650814318,14648242,0xec1aa14f166dba5564bc7a6c51211ac597e61beefeb3391c00ff8fecfa7577e5,1.0,Yes,"relayHash:79a1d67c02c67d0f67d9643520f9ef3ba030e69d2876709443c82a1d9c6deb84,ooRequester:7355efc63ae731f584380a9838292c7046c1e433",70.0,15812229.702397734,70.0,1.0
9554,IS_RELAY_VALID,1650814914,14648290,0x43b3ab9a57d29d68c6dd42414d6cda23fbd8a0cf6d3fbc840345675cf100c163,1.0,Yes,"relayHash:f91ad3bdf8451d9d2e5b18a3ff695e39a707370d8192be557be35332f6b14a91,ooRequester:7355efc63ae731f584380a9838292c7046c1e433",70.0,15812229.702397734,70.0,1.0
9554,IS_RELAY_VALID,1650816878,14648441,0x4ba854b254e7ba227e5edb3b26a81d5ac76d4ef5609a5ac5dbdc836e0fb6d7c1,1.0,Yes,"relayHash:7c30f932b46cab5851c6b76db2008b2db42286bbdaca14b25374f40d96aac800,ooRequester:7355efc63ae731f584380a9838292c7046c1e433",70.0,15812229.702397734,70.0,1.0
9562,Admin 170,1652290272,14756183,0xe440018867a27e2d2893f5904b88d4f028df33aa3f26dbfa6a525edf2c5a200e,1.0,Yes,,52.0,19678753.429383107,52.0,1.0
9567,Admin 171,1653146728,14818004,0x0e0204c39ee3a6f93e233b9dde00fc56825549fc27afa6fcf591943fb73262ea,1.0,Yes,,51.0,16798950.87524126,51.0,1.0
9569,Admin 172,1653510282,14843896,0xb55c04c01338549796dae00f5cc26ff7040dabb81d09a9b60681a3e83e4057ad,1.0,Yes,,54.0,21194201.704172775,54.0,1.0
9570,ACROSS-V2,1653543981,14846292,0xb0e367b8e7f8bd5ebbbd2056a01d57667c94967b0d6f1115541fd52caf2e161f,0.0,No,ooRequester:c186fa914353c44b2e33ebe05f21846f1048beda,63.0,15729442.789411021,63.0,0.9775
9570,ACROSS-V2,1653594774,14849886,0xfef246aa4674f08bd09654cc1bc3aa554d3cfeb62ceb362f975d6e9aff942aa3,0.0,No,ooRequester:c186fa914353c44b2e33ebe05f21846f1048beda,63.0,15729442.789411021,63.0,0.9775
9571,YES_OR_NO_QUERY,1653843653,14868322,0x5576db81f7e1b2a1fe31cd8401c2a244e7baeb315c36203d957f342b5b8d4112,-5.78960446186581e+58,Unresolvable,"q: title: Will Joe Biden's FiveThirtyEight approval rating be 41.5% or higher on May 28?, description: This market will resolve to “Yes” if Joe Biden's approval rating as reported by FiveThirtyEight will be greater than or equal to 41.5% for the day of May 28, 2022. Otherwise, this market will resolve to “No”.

The resolution source will be FiveThirtyEight's approval rating poll aggregator, https://projects.fivethirtyeight.com/biden-approval-rating/, specifically the approval rating indicated by the green trend line for the resolution date. Changes in the methodology by which FiveThirtyEight calculates the approval rating will have no bearing on the resolution of this market.

The resolution data for May 28 will be checked on May 29, 2022 (12 PM ET), and can only resolve after the check.

If for any reason it is unavailable, the resolution source will be checked every 24 hours until the approval rating for the resolution date is available. If the approval rating remains unavailable on the resolution source after 7 days or Joe Biden is not President on the resolution date, this market will resolve according to the available approval rating nearest to the resolution date. 

Please note, the resolution source reports the rating value to only one decimal point (e.g. 42.8%, 33.9%, etc). Thus, this is the level of precision that will be used when resolving the market. res_data: p1: 0, p2: 1, p3: 0.5, p4: -57896044618658097711785492504343953926634992332820282019728.792003956564819968.
    Where p1 corresponds to No, p2 to a Yes, p3 to unknown, and p4 to an early request,ooRequester:cb1822859cef82cd2eb4e6276c7916e692995130,childRequester:bb1a8db2d4350976a11cdfa60a1d43f97710da49,childChainId:137",56.0,22218468.456367716,56.0,0.999
9573,YES_OR_NO_QUERY,1654085578,14885138,0x74b3dc110ff996499156d7b8690dcbca41a1def7b61a970da0979665a4c6b8ce,-5.78960446186581e+58,Unresolvable,"q: title: Will there be a named tropical system (storm, hurricane) Alex that forms by May 31, 2022?, description: Tropical storms are given names as soon as they display a rotating circulation pattern and wind speeds of 39 miles per hour (63 kilometers per hour). A tropical storm develops into a hurricane when wind speeds reach 74 mph (119 kph). Hurricane season officially begins on June 1 and ends on November 30 each year. The lists of hurricane names for each season are chosen by the World Meteorological Organization (not The Old Farmer’s Almanac). The first storm in the 2022 season shall be named ""Alex"".

This market will resolve to ""Yes"" if the 1st named storm in 2022 (Alex) for the NOAA Atlantic/Caribbean/Gulf of Mexico Region forms within the market's timeframe and to ""No"" otherwise.

This market timeframe spans from May 10, 2022 12:00:00 PM ET to May 31, 2022 11:59:59 PM ET. The resolution source is NOAA's National Hurricane Center, currently listing all named tropical systems for 2022 at https://www.nhc.noaa.gov/archive/2022/.

This market may resolve to ""No"" only if by June 1, 12:00 PM ET, it was not reported that Alex formed within the market's timeframe. It may not resolve to ""No"" before June 1, 12:00 PM ET. res_data: p1: 0, p2: 1, p3: 0.5, p4: -57896044618658097711785492504343953926634992332820282019728.792003956564819968.
    Where p1 corresponds to No, p2 to a Yes, p3 to unknown, and p4 to an early request,ooRequester:cb1822859cef82cd2eb4e6276c7916e692995130,childRequester:bb1a8db2d4350976a11cdfa60a1d43f97710da49,childChainId:137",59.0,22534384.396107372,59.0,0.9993
9573,ACROSS-V2,1654091465,14885143,0x8357fc5995a50309eee3b8d9121fea38c40814e2b9bb66ae645211e7849e1e24,0.0,No,ooRequester:c186fa914353c44b2e33ebe05f21846f1048beda,58.0,22532717.586107373,58.0,0.9993
9573,YES_OR_NO_QUERY,1654096591,14886584,0xd781beaad0b2131764af526c4e24fa22565636e452e0e096c8c4e4fe73d3b03c,-5.78960446186581e+58,Unresolvable,"q: title: Will Federico Gutiérrez win the 2022 Colombian presidential election?, description: 
Colombian presidents are elected for four-year terms using a two-round system; if no candidate receives a majority of the vote in the first round, a runoff is held between the top two candidates. The first round of elections for the President of Colombia is scheduled to take place on May 29, 2022. Incumbent President Iván Duque is ineligible for a second term.

If Federico Gutiérrez wins the 2022 Colombian presidential election, this market will resolve to ""Yes"". Otherwise, this market will resolve to ""No"". 

If no presidential candidate is elected by January 1, 2023, 12:00:00 AM ET, this market will resolve 50-50.

The resolution source for this market will be a consensus of credible reporting, however if there is ambiguity in the election's results official information from the government of Colombia (e.g. http://wsp.presidencia.gov.co/En/Paginas/Presidency.aspx) will be used. res_data: p1: 0, p2: 1, p3: 0.5. Where p2 corresponds to Yes, p1 to a No, p3 to unknown,ooRequester:cb1822859cef82cd2eb4e6276c7916e692995130,childRequester:bb1a8db2d4350976a11cdfa60a1d43f97710da49,childChainId:137",59.0,22534384.396107372,59.0,0.9993
9573,YES_OR_NO_QUERY,1654085624,14889277,0x4a0fee78baf064ecd87475cf6c91f015e374c1ee8b8316aa5286cf1daf8e9eac,-5.78960446186581e+58,Unresolvable,"q: title: Will an earthquake measuring 8.0 or above occur anywhere on Earth before June 1, 2022?, description: This is a market on whether at least one earthquake with a magnitude of 8.0 or higher occurs on Earth between January 1, 2022 (12:00:00 AM ET) and June 1, 2022 (12:00:00 AM ET), as measured by the U.S. Geological Survey. 

This market will resolve to “Yes” if the resolution source lists 1 or more earthquakes with a magnitude of 8.0 or higher anywhere on earth for that period. Otherwise this market will resolve to “No”.

The resolution source for this market is the United States Geological Survey (USGS) Earthquake hazards program (https://earthquake.usgs.gov/earthquakes/browse/significant.php#sigdef). To access the data, one must choose the earthquake they are looking for from the list then open its individual page, then open its “Origin” detailed data. The URLs of such pages are usually formatted as follows: https://earthquake.usgs.gov/earthquakes/eventpage/%5B_CATALOGNUMBER_%5D/origin/detail

Specifically, the number next to the magnitude (regardless of the uncertainty level and of the scale used) and the origin time at the “Origin” page of each earthquake in question will be used.

Please note, only earthquakes with “REVIEWED” origin status will be considered. The last data check will be done on June 7th, 2022, 12:00:00 AM ET.
 res_data: p1: 0, p2: 1, p3: 0.5. Where p2 corresponds to Yes, p1 to a No, p3 to unknown,ooRequester:cb1822859cef82cd2eb4e6276c7916e692995130,childRequester:bb1a8db2d4350976a11cdfa60a1d43f97710da49,childChainId:137",59.0,22534384.396107372,59.0,0.9991
9575,YES_OR_NO_QUERY,1654406736,14907585,0xf7cf104fa45d5eeb0cbadb6c1fbd2baceff3077e8adc54cfc337e4700bb3fe7c,0.0,No,"q: title: Who will win George Kambosos Jr. vs. Devin Haney?, description: George Kambosos Jr. vs. Devin Haney is an upcoming professional boxing match between undefeated WBA, IBF, WBO lightweight champion George Kambosos Jr., and undefeated WBC lightweight champion Devin Haney. The fight will take place on June 5, 2022 at Marvel Stadium in Melbourne, Australia.

If George Kambosos Jr. wins this fight, this market will resolve to ""Kambosos"". If Devin Haney wins this fight, this market will resolve to ""Haney"". 

If this fight ends in a tie, is not officially designated as a win for either George Kambosos Jr. or Devin Haney, or otherwise is not decided by June 12, 2022, 11:59:59 PM ET, this market will resolve to 50-50.
 res_data: p1: 0, p2: 1, p3: 0.5, p4: -57896044618658097711785492504343953926634992332820282019728.792003956564819968.
    Where p1 corresponds to Haney, p2 to a Kambosos, p3 to unknown, and p4 to an early request,ooRequester:cb1822859cef82cd2eb4e6276c7916e692995130,childRequester:bb1a8db2d4350976a11cdfa60a1d43f97710da49,childChainId:137",61.0,22702410.6681488,61.0,1.0
9575,ACROSS-V2,1654537326,14916205,0x578b21b11e8cc3343f0e9eda5e9690de5129159c7dc19e3e7fcb8d76b0453ab2,0.0,No,ooRequester:c186fa914353c44b2e33ebe05f21846f1048beda,61.0,22702410.6681488,61.0,0.9993
9577,IS_RELAY_VALID,1654874176,14939134,0x1e645aecf03fc730313fae9685b800faead5bcb9256275537a746f63071a7905,1.0,Yes,"relayHash:3678c8bd315ce88f797262dbac4f3f1f330cad29efd209d18c0f2c805d8e34b9,ooRequester:7355efc63ae731f584380a9838292c7046c1e433",58.0,16920674.00264359,58.0,0.959
9577,IS_RELAY_VALID,1654874916,14939191,0x1837b4f9c97f29d3d1dce36c18f3d4aaebe6686ef006ba9b5e3b8b85aec371b4,0.0,No,"relayHash:0164295d50953a4122161147ab2302141f0d8ca2a7074a073757bf1bceeaef79,ooRequester:7355efc63ae731f584380a9838292c7046c1e433",58.0,16920674.00264359,58.0,0.9689
9580,Admin 173,1655421790,14975970,0xe0e6ff86993f241de860da1e2c723c15d59825b4f1942d231c683b623f742bf3,1.0,Yes,,52.0,16445420.733731614,52.0,1.0
9583,Admin 174,1655927720,15009289,0xbb8bcb4a8d6bdbd52f212b804af48a4adfc6bc504b143c42828b9ce5af6e12cc,1.0,Yes,,63.0,16776135.347995061,63.0,1.0
9583,Admin 175,1655938387,15009950,0x0dcb8f35c31c40a1e9e850346ea73007f3ca48823eecd0d727634bedca301b7e,1.0,Yes,,63.0,16776135.347995061,63.0,1.0
9586,YES_OR_NO_QUERY,1656327588,15034681,0x1530e80d4861ddfb3a83cf452ddd3fa4aa520aa107f9c6561e059c648bdff60f,-5.78960446186581e+58,Unresolvable,"q: title: Will ‘Elvis’ gross more than $45 million domestically on its opening weekend?, description: 'Elvis' is a 2022 biographical musical drama film directed by Baz Luhrmann chronicling the life and career of singer and actor Elvis Presley, from his early days as a child to becoming a rock and roll star and movie star, as well as his complex relationship with his manager Colonel Tom Parker. It premiered at several festivals and is scheduled to be theatrically released by Warner Bros. Pictures in the United States on June 24, 2022. 

This is a market on how much 'Elvis' will gross domestically on its opening weekend. The “Domestic Weekend” tab on https://www.boxofficemojo.com/title/tt3704428/ will be used to resolve this market once the values for the opening weekend (June 24-26) are final (i.e. not studio estimates).

This market will resolve to ""Yes"" if 'Elvis' grosses more than $45,000,000 on its opening weekend. Otherwise, this market will resolve to ""No"".

Opening weekend is defined as the first Friday, Saturday, and Sunday of this film's release. Please note, this market will resolve according to the Box Office Mojo number under Domestic Weekend for the 3-day weekend.

If there is no final data available by July 3, 2022, 11:59:59 PM ET, another credible resolution source will be chosen.
 res_data: p1: 0, p2: 1, p3: 0.5, p4: -57896044618658097711785492504343953926634992332820282019728.792003956564819968.
    Where p1 corresponds to No, p2 to a Yes, p3 to unknown, and p4 to an early request,ooRequester:cb1822859cef82cd2eb4e6276c7916e692995130,childRequester:bb1a8db2d4350976a11cdfa60a1d43f97710da49,childChainId:137",61.0,15628103.569281667,61.0,0.9664
9588,ACROSS-V2,1656639124,15053651,0x07f72cb14fd2408c1aaba10abf3e12ae0968a1586d9a265920ab5eb292c17d44,0.0,No,ooRequester:c186fa914353c44b2e33ebe05f21846f1048beda,64.0,10629485.75972921,64.0,1.0
9588,YES_OR_NO_QUERY,1656619268,15055429,0x64ed222fc8b1e51b52e6779e7cb2e0786f669c2ce779c1d8d86e40bb239a83f0,1.0,Yes,"q: title: Will Coinbase support Polygon USDC deposits & withdrawals by June 30, 2022?, description: Will Coinbase support Polygon USDC deposits and withdrawals by June 30, 2022?

This is a market on whether Coinbase will support USDC deposits and withdrawals on the Polygon mainnet by June 30, 2022.

Coinbase Pro, and Coinbase Wallet are not considered for this market - the main Coinbase site needs to support USDC deposits and withdrawals on the Polygon mainnet for this market to resolve to ""Yes.""

This market will resolve to ""Yes"" if by the resolution time June 30, 2022 (11:59:59 PM ET) Coinbase users are able to deposit and withdraw USDC to and from their Coinbase account (aka custodial wallet) through the Polygon mainnet network. Otherwise, this market will resolve to ""No"". 

The resolution source is the Coinbase platform and Coinbase blog (https://blog.coinbase.com/). If the resolution criteria are satisfied prior to the resolution date, this market will resolve immediately. res_data: p1: 0, p2: 1, p3: 0.5. Where p2 corresponds to Yes, p1 to a No, p3 to unknown,ooRequester:cb1822859cef82cd2eb4e6276c7916e692995130,childRequester:bb1a8db2d4350976a11cdfa60a1d43f97710da49,childChainId:137",64.0,10629485.75972921,64.0,0.9931
9588,IS_RELAY_VALID,1656757612,15062563,0x7b757ffaf1a6eca6c4ab9e2f45fe452f1aa9f17720891f5029e8186e11f64844,0.0,No,"relayHash:0157375f96265e5f9f0a288d2cabdaac3ffa980f23caeb831c396b259d44d1d5,ooRequester:7355efc63ae731f584380a9838292c7046c1e433",64.0,10629485.75972921,64.0,0.9998
9588,IS_RELAY_VALID,1656760370,15062768,0xf5c53d16c40fd2dc6076cce08d47ae3aa3d93d244468f72e01722685cd186a13,0.0,No,"relayHash:9a6fda4b991e7e489a64a2b66811c9f0cfa2923c18a524a08c99a866e9eb7cbd,ooRequester:7355efc63ae731f584380a9838292c7046c1e433",64.0,10629485.75972921,64.0,1.0
9590,Admin 176,1657141594,15091305,0xcd914a0d5b15d28e23bd612faa15a7f6ac154069a5958524865671acbbda9296,1.0,Yes,,67.0,18637536.044251483,67.0,1.0
9594,YES_OR_NO_QUERY,1657636839,15134079,0xc2109a95dedb085a4b85dc6e9a55e10a38231f3df07fb6630baccb3f90c2a9d5,1.0,Yes,"q: title: Will the price of ETH on Uniswap be greater than 1000 USD at 10am EST on July 12th 2022?, description: Will the price of ETH on Uniswap be greater than 1000 USD at 10am EST on July 12th 2022? res_data: p1: 0, p2: 1, p3: 0.5, p4: -57896044618658097711785492504343953926634992332820282019728.792003956564819968.
    Where p1 corresponds to No, p2 to a Yes, p3 to unknown, and p4 to an early request,ooRequester:51458f4e245c1140630d8716db26d46387ec0a89,childRequester:ee3afe347d5c74317041e2618c49534daf887c24,childChainId:137",64.0,11546927.82630123,64.0,1.0
9597,ACROSS-V2,1658277452,15176343,0x4c8844c08ac65cf7bf3e94b3d5d812222174c91c2ecee871358fe0e480e8dee6,0.0,No,ooRequester:c186fa914353c44b2e33ebe05f21846f1048beda,74.0,12622457.800129978,74.0,1.0
9597,ACROSS-V2,1658298214,15177896,0x879935df63402838a38a499fcf4a5d9b3fa1e904f651d7734e4787bf5e3bccac,0.0,No,ooRequester:c186fa914353c44b2e33ebe05f21846f1048beda,74.0,12622457.800129978,74.0,1.0
9597,ACROSS-V2,1658307832,15178577,0x28f82da862b78653a79ce670ad58bd86973969f0573b9873b4b472a2cda1e4ff,0.0,No,ooRequester:c186fa914353c44b2e33ebe05f21846f1048beda,74.0,12622457.800129978,74.0,1.0
9597,ACROSS-V2,1658323493,15179749,0x613bae81e7d6ff49bc3eee1d25dd1e94775d71fa145d7be49b1007484b28dc0b,0.0,No,ooRequester:c186fa914353c44b2e33ebe05f21846f1048beda,74.0,12622457.800129978,74.0,1.0
9597,ACROSS-V2,1658333045,15180476,0x34335f611045ef0f330cee1c3d06a603f0ce1f63a4c51f6936986b0e3da80a32,0.0,No,ooRequester:c186fa914353c44b2e33ebe05f21846f1048beda,74.0,12622457.800129978,74.0,1.0
9597,ACROSS-V2,1658344466,15181288,0x51d09a561d73f9b192ef1ae5ddbf59bf0e746531048973cb5d6c27994665da16,0.0,No,ooRequester:c186fa914353c44b2e33ebe05f21846f1048beda,74.0,12622457.800129978,74.0,1.0
9598,ACROSS-V2,1658385465,15184363,0xa6ea58f55c59d2500eca0ca3531cb50d2fc50136c84b67ae7929755ab8a10f5b,0.0,No,ooRequester:c186fa914353c44b2e33ebe05f21846f1048beda,68.0,18154309.844488557,68.0,1.0
9598,ACROSS-V2,1658397474,15185235,0x312985c7e8a363079c3ae416f8e30a3caa4d4ddee61ac9c2c07f2a637655916d,0.0,No,ooRequester:c186fa914353c44b2e33ebe05f21846f1048beda,68.0,18154309.844488557,68.0,1.0
9599,ACROSS-V2,1658658920,15204810,0x10e5c318414dccbc2172ce624afd0a4ae46fa538ef6b21522f2e87991f621e60,0.0,No,ooRequester:c186fa914353c44b2e33ebe05f21846f1048beda,69.0,19288689.450276636,69.0,0.9996
9601,Admin 177,1659044113,15233424,0x3cb1c798e99e0d5303120ce078cdb450bba9198c5ddec2af8e1b700702f9d818,1.0,Yes,,88.0,11878667.80764369,88.0,1.0
9601,Admin 178,1659044159,15233426,0xfb9dee705f5f7494463de1ae17afbea09a6350f46c19ccc594f6efc9ec469644,1.0,Yes,,88.0,11878667.80764369,88.0,0.9993
9616,YES_OR_NO_QUERY,1661534148,15417233,0x00605229ecffa3ee025e1a5569a91fd565d714639d9873193c1d21e1bb1122ca,0.0,No,"q: title: Will $ETH be above $1,600 on August 26?, description: This is a market on if the price of Ethereum (ETH) will be above $1,600 in USD on August 26, 2022 (12 PM ET).

This market will resolve to “Yes” if Ethereum (ETH) has a candlestick closing price of $1,600.01 or more, as per the resolution source, on August 26, 2022, 12 PM ET, and “No” otherwise.

The resolution source for this market will be prices listed on CoinGecko (https://www.coingecko.com/en/coins/ethereum).

This market will resolve according to the “C” (i.e. closing price) listed for the candle titled “Fri Aug 26 2022, 12:00:00”, with the “Price” tab selected, in the Eastern Time Zone. Note, this 12:00:00 candle lists the opening price for 11:30:00 AM ET and the closing price for 12:00:00 PM ET.

The check will be after the relevant candle closes. If CoinGecko is unavailable, another credible source will be chosen.  res_data: p1: 0, p2: 1, p3: 0.5, p4: -57896044618658097711785492504343953926634992332820282019728.792003956564819968.
    Where p1 corresponds to No, p2 to a Yes, p3 to unknown, and p4 to an early request,ooRequester:cb1822859cef82cd2eb4e6276c7916e692995130,childRequester:bb1a8db2d4350976a11cdfa60a1d43f97710da49,childChainId:137",64.0,11999096.2951182,64.0,0.8849
9619,YES_OR_NO_QUERY,1662050753,15455052,0xb7e990e94ecaad6d829275c19e20fcdde7f7cad7b08f94dee967ef787d81923c,1.0,Yes,"q: title: Will the Twitter profile @ElonJet remain active through September 1?, description: @ElonJet is a Twitter profile run by Jack Sweeney, who programmed a bot to parse flight data and tweet every time a private jet of Elon Musk's takes off or lands. On November 30, 2021, Elon Musk reportedly messaged Mr Sweeney asking him to deactivate the account @ElonJet. On April 25, the news came out that Elon Musk has bought Twitter.

The resolution source https://twitter.com/ElonJet will be checked daily at 12 PM ET, with the last check being performed on the resolution time of September 1, 2022, 12:00:00 PM ET. If upon any of these checks the @ElonJet profile is found to be deactivated, deleted, banned or suspended in any form, while the Twitter platform is operating normally, this market will resolve to ""No"". Otherwise, this market will resolve to ""Yes"". res_data: p1: 0, p2: 1, p3: 0.5. Where p2 corresponds to Yes, p1 to a No, p3 to unknown,ooRequester:cb1822859cef82cd2eb4e6276c7916e692995130,childRequester:bb1a8db2d4350976a11cdfa60a1d43f97710da49,childChainId:137",66.0,17944800.73708624,66.0,0.9933
9622,Admin 179,1662664658,15498364,0x76a1929e8faf674cc7d50396253543ea40ce6cf188ba0f2022201e9be260145d,1.0,Yes,,60.0,11044814.470245807,60.0,1.0
9624,ACROSS-V2,1662898589,15514769,0x98cc4e5a0dc341927132651721c7aa57474960e40d4d461fcfd659f725369494,1.0,Yes,ooRequester:c186fa914353c44b2e33ebe05f21846f1048beda,73.0,18011545.558704685,73.0,1.0
9624,ACROSS-V2,1662978488,15520370,0xb4c41a44e03efddd1a97dbcb523ef39e7a64c23bcfe59b3ea93469b34540c962,1.0,Yes,ooRequester:c186fa914353c44b2e33ebe05f21846f1048beda,73.0,18011545.558704685,73.0,1.0
9625,Admin 180,1663099440,15528841,0x6149e273e5c6bf6fc61cf2bb2c1173f7e27196e8a908824a7614f8cb65ba78a9,1.0,Yes,,67.0,12521330.243682737,67.0,1.0
9631,ACROSS-V2,1664212943,15619002,0x98df901e4cca7ae403e9563aa6e6b5cdd955d55bb73ff353b5cc760bffb26218,1.0,Yes,ooRequester:c186fa914353c44b2e33ebe05f21846f1048beda,68.0,19050962.837496027,68.0,1.0
9631,ACROSS-V2,1664216615,15619305,0x00f28efd7d4f2887453f37b4da58115909a5aa0dce28e91df5c9506f2cf4130a,1.0,Yes,ooRequester:c186fa914353c44b2e33ebe05f21846f1048beda,68.0,19050962.837496027,68.0,1.0
9633,Admin 181,1664562587,15647949,0xfb74374a8e51699ff85db4950fdd75ee3805f6811cde7320541395ce92b21602,1.0,Yes,,64.0,17908684.877416402,64.0,1.0
9653,YES_OR_NO_QUERY,1667976715,15931567,0x71bf916f2a80040aeee8717940e0311ae415472256d0b2e5e1ee691a6f2c9804,1.0,Yes,"q: title: 2022 U.S. Senate elections: Will a Democrat or Republican win in New Hampshire?, description: This market will resolve to “Democrat” if the candidate who wins the 2022 New Hampshire U.S. Senate election is representing the Democratic Party, or to “Republican” if the candidate who wins the 2022 New Hampshire U.S. Senate election is representing the Republican Party. 

A candidate shall be considered to represent a party in the event that he or she is the nominee, or has a ballot-listed or otherwise identifiable party preference, of the party in question.

If the winning candidate is from a party other than the Democratic or the Republican party, the market will resolve to 50/50.

Determination of the winner of the Senate election will be based on a consensus of credible reporting, or if there is ambiguity, final state election authority certification or other final official determination of the 2022 election results. res_data: p1: 0, p2: 1, p3: 0.5. Where p2 corresponds to Democrat, p1 to a Republican, p3 to unknown,ooRequester:cb1822859cef82cd2eb4e6276c7916e692995130,childRequester:bb1a8db2d4350976a11cdfa60a1d43f97710da49,childChainId:137",71.0,18719717.729712702,71.0,1.0
9653,ACROSS-V2,1668006095,15933228,0xc366e8ce881a9f684693b9f23e2c64b4d067b1c38adafc52022015204dd6274b,1.0,Yes,ooRequester:c186fa914353c44b2e33ebe05f21846f1048beda,69.0,18719597.481713194,69.0,1.0
9657,ACROSS-V2,1668718955,15992296,0xe26aa56ec2f4752d8a3854bf71f15b1b6ae4ca369164f0bf5a81fd9661f94726,1.0,Yes,ooRequester:c186fa914353c44b2e33ebe05f21846f1048beda,65.0,16523398.575158756,65.0,1.0
9657,ACROSS-V2,1668720167,15992396,0x33ab609e6a86b692a143b420d06d1cecd3ab61369f63660fef47b7d323b5d060,1.0,Yes,ooRequester:c186fa914353c44b2e33ebe05f21846f1048beda,65.0,16523398.575158756,65.0,1.0
9660,Admin 182,1669239143,16035384,0x5b9bb16a00f6c613e703f162c0d10f9e8efbebeabd0350c6b48aa10aaf7631c4,1.0,Yes,,70.0,19489905.034793317,70.0,1.0
9661,ACROSS-V2,1669309955,16041253,0x058a44399bd75a43f7cc305c4224b7a59c3ec5b60beb3cf565a086fd9575fa89,0.0,No,ooRequester:c186fa914353c44b2e33ebe05f21846f1048beda,74.0,19108558.253267482,74.0,1.0
9661,ACROSS-V2,1669328675,16042806,0x491a8be3e6c8592e7e2256918cb3329739ce2a0ede98b6545ec15b25d6ae12cd,0.0,No,ooRequester:c186fa914353c44b2e33ebe05f21846f1048beda,74.0,19108558.253267482,74.0,1.0
9664,YES_OR_NO_QUERY,1669914048,16091707,0x60f0dbd65f72c56a80dec88e6a4c4858fff6f448d3b7bc1c31e4d39ddbdb7d98,0.0,No,"q: title: Will Mexico win the 2022 World Cup?, description: This market will resolve to ""Yes"" if Mexico is the Champion of FIFA World Cup Qatar 2022. Otherwise, this market will resolve to ""No"".

If no Champion of FIFA World Cup Qatar 2022 is declared by December 31, 2022, 11:59:59 PM ET, this market will resolve to 50-50.

The primary resolution source for this market will be official information from FIFA (e.g. https://www.fifa.com/fifaplus/en/tournaments/mens/worldcup/qatar2022/scores-fixtures), including official footage from the World Cup, however a consensus of credible reporting may also be used. res_data: p1: 0, p2: 1, p3: 0.5, p4: -57896044618658097711785492504343953926634992332820282019728.792003956564819968.
    Where p1 corresponds to No, p2 to a Yes, p3 to unknown, and p4 to an early request,ooRequester:cb1822859cef82cd2eb4e6276c7916e692995130,childRequester:bb1a8db2d4350976a11cdfa60a1d43f97710da49,childChainId:137",68.0,12441884.045744697,68.0,0.9693
9667,YES_OR_NO_QUERY,1670427987,16134602,0xedc5e842f2f22a52d3f4a1bf71cdcc46ab64eeb1c23dc2137461d49ea5c2e349,1.0,Yes,"q: title: Will Volodymyr Zelenskyy be the 2022 TIME Person of the Year?, description: ""Person of the Year"" (called Man of the Year or Woman of the Year until 1999) is an annual issue of the United States news magazine and website ""TIME"" that features and profiles a person, group, idea, or object that ""for better or for worse... has done the most to influence the events of the year"".

This is a market on who will be named as Person of the Year by TIME magazine for the year 2022. TIME's Person of the Year 2022 is picked by the newspaper's editors and is expected to be announced within the first two weeks of December 2022.

If the President of Ukraine Volodymyr Zelenskyy is named as TIME's Person of the Year for 2022, this market will resolve to ""Yes"". Otherwise, it will resolve to ""No"".

Please note, that this market will resolve to ""Yes"" only if exclusively Volodymyr Zelenskyy is named as the TIME's Person of the Year. If, for example, ""Defenders of Kyiv"" or ""People of Ukraine"" or any other group is named as 2022 TIME's Person of the Year, this market will resolve to ""No"".

This market can resolve after the 2022 TIME's Person of the Year is announced by TIME magazine. If for any reason, the 2022 TIME's Person of the Year is not announced by January 15, 2023 (11 PM ET), this market will resolve to ""No"".

----------------------------

Here is a list of the last 10 TIME Persons of the Year:

2021 - Elon Musk
2020 - Joe Biden, Kamala Harris
2019 - Greta Thunberg
2018 - The Guardians and the War on Truth
2017 - The Silence Breakers
2016 - Donald Trump
2015 - Angela Merkel
2014 - The Ebola Fighters
2013 - Pope Francis
2012 - President of the United States
2011 - The Protester

Read more about Person of the Year: https://time.com/poy res_data: p1: 0, p2: 1, p3: 0.5, p4: -57896044618658097711785492504343953926634992332820282019728.792003956564819968.
    Where p1 corresponds to No, p2 to a Yes, p3 to unknown, and p4 to an early request,ooRequester:cb1822859cef82cd2eb4e6276c7916e692995130,childRequester:bb1a8db2d4350976a11cdfa60a1d43f97710da49,childChainId:137",67.0,12682337.035913108,67.0,0.6633
9671,Admin 183,1671140819,16192872,0xdaf713e6638ca90565fbdaea0631ad0915bde3c088ff52c826679a0601b55785,1.0,Yes,,68.0,24106686.75511841,68.0,1.0
9671,Admin 184,1671147539,16193428,0x482a429a76542a8d08dfd2b87d9ef669d293957a0ff1f310dc9b65a4eb71b98f,1.0,Yes,,68.0,24106686.75511841,68.0,1.0
9676,ACROSS-V2,1671945743,16259644,0x140535c236c0e6293f089db55af69449a57d99d17030145370070d428e332069,1.0,Yes,ooRequester:c186fa914353c44b2e33ebe05f21846f1048beda,70.0,12381310.056230977,70.0,0.9574
9676,ACROSS-V2,1671946259,16259687,0xefefad5acf3ae48fbc89038e8e98701ee3099b7395807d4276876ba02c119245,0.0,No,ooRequester:c186fa914353c44b2e33ebe05f21846f1048beda,70.0,12381310.056230977,70.0,1.0
9676,ACROSS-V2,1671946871,16259738,0x212c7f6a29b80f7b37871b299b9bcb46e9dc868fbc51524231d2070c8634b06b,0.0,No,ooRequester:c186fa914353c44b2e33ebe05f21846f1048beda,70.0,12381310.056230977,70.0,1.0
9676,ACROSS-V2,1671948071,16259836,0xe9170975a93bd4119dee51a73c9cff1ecfc3359199e4e2190b88c3e01e80c318,0.0,No,ooRequester:c186fa914353c44b2e33ebe05f21846f1048beda,70.0,12381310.056230977,70.0,1.0
9679,ACROSS-V2,1672427471,16299585,0x9e7261827f7e90981417a49e070b0b774650b98794c90fdd363de847244e4456,1.0,Yes,ooRequester:c186fa914353c44b2e33ebe05f21846f1048beda,65.0,16451385.551818117,65.0,1.0
9679,ACROSS-V2,1672431143,16299889,0xb63288fa1f24c7c2832c7e89bc75989fa7ca80e2c40837e1c6660bf2ded35f36,1.0,Yes,ooRequester:c186fa914353c44b2e33ebe05f21846f1048beda,65.0,16451385.551818117,65.0,1.0
9679,ACROSS-V2,1672438295,16300481,0xef8f831ac6937f709c08c3f82cb01328f04b6eebdaa8cf331f1ae415be9ec578,1.0,Yes,ooRequester:c186fa914353c44b2e33ebe05f21846f1048beda,65.0,16451385.551818117,65.0,1.0
9679,YES_OR_NO_QUERY,1672433073,16300751,0x44ed457e926f705fc371accb74baa18cc1090d90dc8211d284d353c35509d119,1.0,Yes,"q: title: Will $BTC reach $1700 by January 4?, description: This market will resolve to “Yes” if any Binance 1 minute BTC/USDT candle titled with a date between 2022/12/28 0:01 through 2023/01/04 23:59 (inclusive) in the ET timezone has a final “High” price of 1700.00 or higher. Otherwise, this market will resolve to ""No"". 

The final relevant candle for this market will be the 1 minute BTC/USDT candle titled ""2023/01/04 23:59"" in the ET timezone. The resolution source for this market is https://www.binance.com, specifically the BTC/USDT “High” prices currently available at https://www.binance.com/en/trade/BTC_USDT?_from=markets&theme=dark&type=spot with “1m” and “Original” selected on the top bar. 

To see the “High” prices, mouse over particular candles and look at the value after “High: ” at the top of the chart. 

The API url https://api.binance.com/api/v3/klines?symbol=BTCUSDT&interval=1m with relevant startDate and endDate parameters may be used in the event that the chart is unavailable. Please note that this market is about the price according to Binance BTC/USDT, not the price according to other sources or spot markets.

 res_data: p1: 0, p2: 1, p3: 0.5. Where p1 corresponds to No, p2 to Yes, p3 to unknown/50-50,initializer:91430cad2d3975766499717fa0d66a78d814e5c5,ooRequester:6a9d222616c90fca5754cd1333cfd9b7fb6a4f74,childRequester:ee3afe347d5c74317041e2618c49534daf887c24,childChainId:137",65.0,16451385.551818117,65.0,1.0
9680,ACROSS-V2,1672676471,16320249,0x2beebe1447263f735f8f60281b8a9243980b66674e56bed577b356e4005477af,0.0,No,ooRequester:c186fa914353c44b2e33ebe05f21846f1048beda,71.0,19446456.16464043,71.0,1.0
9683,YES_OR_NO_QUERY,1673064057,16353877,0x177430329488c019ef2125b9db78e4d55f72560d5c060cba5bfb59b835432920,-5.78960446186581e+58,Unresolvable,"q: title: Will Donald Trump be President of the USA on January 6 2023?, description: This is a market on if Donald Trump will be President of the United States on January 6, 2023, 11:59 PM ET. 

This market will resolve to “Yes“ if, on the resolution date, Donald Trump is the current President of the United States, officially substantiated by official US government sources, like the links provided as the resolution source. 

If, for any reason, Donald Trump is not the sitting President of the United States on that date, this market will resolve to “No"". 

The resolution sources are: 1. https://www.loc.gov/rr/print/list/057_chron.html, 2. https://history.house.gov/Institution/Presidents-Coinciding/Presidents-Coinciding/ and 3. https://www.whitehouse.gov/. If any of these 3 sources list Donald Trump officially as the current sitting president on the resolution date, this market will resolve to ""Yes"". res_data: p1: 0, p2: 1, p3: 0.5. Where p2 corresponds to Yes, p1 to a No, p3 to unknown,ooRequester:cb1822859cef82cd2eb4e6276c7916e692995130,childRequester:bb1a8db2d4350976a11cdfa60a1d43f97710da49,childChainId:137",63.0,13170213.07188902,63.0,1.0
9692,Admin 185,1674765443,16493424,0x21ffebde9df59fbbdc5fbd041d620a27772553bdf2e10cd5032eb9cf717d0e7a,1.0,Yes,,46.0,16452967.872913307,46.0,1.0
9695,Admin 186,1675262879,16534660,0xbcac3a2e9d14d9593b6f5eb8777f5736467d0c94d0a1789e89544601302487fb,1.0,Yes,,68.0,25152216.758073106,68.0,1.0
9695,Admin 187,1675266035,16534920,0x539c61b29c8716dc1d1af63f647714a998150de8cf92d8455fa167c4181587f1,1.0,Yes,,68.0,25152216.758073106,68.0,1.0
9695,Admin 188,1675276235,16535767,0x678d082c2753c4ee0cd70e1e2a959e07b13015bf0b35cb1f1d38ed8cab4a980b,1.0,Yes,,68.0,25152216.758073106,68.0,0.9881
9702,Admin 189,1676497739,16636924,0xa69a719a4ba48a4c11e73986faafff8e2d9791edc5d1dffd5e368dc4e764b35f,1.0,Yes,,61.0,19274749.092034426,61.0,1.0
9707,YES_OR_NO_QUERY,1677302710,16703808,0x96d340ed66ec7580fb65ce3354b051f5d84ee42374f20d62573c6fca6f5e01ac,-5.78960446186581e+58,Unresolvable,"q: title: NBA: Golden State Warriors vs. Minnesota Timberwolves 2023-02-26, description: In the upcoming NBA game, scheduled for February 26 at 7:30 PM:

If the Golden State Warriors win, the market will resolve to “Warriors”.

If the Minnesota Timberwolves win, the market will resolve to “Timberwolves”.

 If the game is not completed by April 16, 2023 (11:59:59 PM EST), the market will resolve 50-50. res_data: p1: 0, p2: 1, p3: 0.5. Where p1 corresponds to Timberwolves, p2 to Warriors, p3 to unknown/50-50,initializer:b2996aa129c65849cd1fa04cbd15a16a62675b01,ooRequester:6a9d222616c90fca5754cd1333cfd9b7fb6a4f74,childRequester:ee3afe347d5c74317041e2618c49534daf887c24,childChainId:137",58.0,12722848.438432083,58.0,1.0
9707,YES_OR_NO_QUERY,1677305519,16704283,0x6c7f5dedce5d0d49b348b5183014bcf3ed24c75fc50da73ae845fb388013c0c4,-5.78960446186581e+58,Unresolvable,"q: title: NBA: LA Clippers vs. Sacramento Kings 2023-02-24, description: In the upcoming NBA game, scheduled for February 24 at 10:30 PM ET:

If the LA Clippers win, the market will resolve to “Clippers”.

If the Sacramento Kings win, the market will resolve to “Kings”.

If the game is not completed by April 16, 2023 (11:59:59 PM ET), the market will resolve 50-50 res_data: p1: 0, p2: 1, p3: 0.5. Where p1 corresponds to Kings, p2 to Clippers, p3 to unknown/50-50,initializer:b2996aa129c65849cd1fa04cbd15a16a62675b01,ooRequester:6a9d222616c90fca5754cd1333cfd9b7fb6a4f74,childRequester:ee3afe347d5c74317041e2618c49534daf887c24,childChainId:137",59.0,12729164.851324033,59.0,0.78
9708,Admin 190,1677492011,16718798,0xd7f3057a8cee5feb44e8c73004d895ba37ccecdd64c913a10699d2f3c354ace0,1.0,Yes,,59.0,18526221.925434995,59.0,1.0
